route,cluster,words,unique_words,boiler_words,unique_ratio,bucket,in_sitemap
(about),other,2345,,,,,
(ads),other,329,,,,,
(apac),other,2679,,,,,
(playbook:article-1),playbook,1337,,,,,
(playbook:article-10),playbook,3892,,,,,
(playbook:article-100),playbook,2802,,,,,
(playbook:article-101),playbook,2853,,,,,
(playbook:article-102),playbook,3675,,,,,
(playbook:article-103),playbook,2841,,,,,
(playbook:article-104),playbook,3179,,,,,
(playbook:article-105),playbook,3002,,,,,
(playbook:article-106),playbook,2742,,,,,
(playbook:article-107),playbook,2698,,,,,
(playbook:article-108),playbook,2817,,,,,
(playbook:article-109),playbook,2939,,,,,
(playbook:article-11),playbook,2467,,,,,
(playbook:article-110),playbook,2841,,,,,
(playbook:article-111),playbook,2975,,,,,
(playbook:article-112),playbook,3065,,,,,
(playbook:article-113),playbook,3085,,,,,
(playbook:article-114),playbook,2974,,,,,
(playbook:article-115),playbook,2551,,,,,
(playbook:article-116),playbook,2215,,,,,
(playbook:article-117),playbook,2408,,,,,
(playbook:article-118),playbook,2189,,,,,
(playbook:article-119),playbook,2611,,,,,
(playbook:article-12),playbook,2075,,,,,
(playbook:article-120),playbook,2190,,,,,
(playbook:article-121),playbook,2562,,,,,
(playbook:article-122),playbook,2423,,,,,
(playbook:article-13),playbook,2330,,,,,
(playbook:article-14),playbook,2372,,,,,
(playbook:article-15),playbook,2974,,,,,
(playbook:article-16),playbook,3434,,,,,
(playbook:article-17),playbook,3209,,,,,
(playbook:article-18),playbook,3398,,,,,
(playbook:article-19),playbook,2968,,,,,
(playbook:article-2),playbook,1461,,,,,
(playbook:article-20),playbook,2863,,,,,
(playbook:article-21),playbook,2591,,,,,
(playbook:article-22),playbook,3420,,,,,
(playbook:article-23),playbook,2880,,,,,
(playbook:article-24),playbook,3418,,,,,
(playbook:article-25),playbook,3141,,,,,
(playbook:article-26),playbook,2833,,,,,
(playbook:article-27),playbook,2862,,,,,
(playbook:article-28),playbook,3042,,,,,
(playbook:article-29),playbook,3177,,,,,
(playbook:article-3),playbook,1348,,,,,
(playbook:article-30),playbook,3126,,,,,
(playbook:article-31),playbook,3222,,,,,
(playbook:article-32),playbook,3290,,,,,
(playbook:article-33),playbook,2987,,,,,
(playbook:article-34),playbook,2894,,,,,
(playbook:article-35),playbook,3071,,,,,
(playbook:article-36),playbook,3333,,,,,
(playbook:article-37),playbook,2962,,,,,
(playbook:article-38),playbook,3074,,,,,
(playbook:article-39),playbook,3432,,,,,
(playbook:article-4),playbook,4538,,,,,
(playbook:article-40),playbook,3134,,,,,
(playbook:article-41),playbook,3236,,,,,
(playbook:article-42),playbook,3369,,,,,
(playbook:article-43),playbook,3477,,,,,
(playbook:article-44),playbook,3684,,,,,
(playbook:article-45),playbook,3006,,,,,
(playbook:article-46),playbook,2879,,,,,
(playbook:article-47),playbook,3135,,,,,
(playbook:article-48),playbook,3013,,,,,
(playbook:article-49),playbook,3331,,,,,
(playbook:article-5),playbook,2489,,,,,
(playbook:article-50),playbook,2814,,,,,
(playbook:article-51),playbook,2977,,,,,
(playbook:article-52),playbook,3187,,,,,
(playbook:article-53),playbook,3132,,,,,
(playbook:article-54),playbook,3100,,,,,
(playbook:article-55),playbook,3405,,,,,
(playbook:article-56),playbook,3144,,,,,
(playbook:article-57),playbook,2905,,,,,
(playbook:article-58),playbook,3267,,,,,
(playbook:article-59),playbook,3731,,,,,
(playbook:article-6),playbook,2497,,,,,
(playbook:article-60),playbook,3109,,,,,
(playbook:article-61),playbook,3221,,,,,
(playbook:article-62),playbook,2908,,,,,
(playbook:article-63),playbook,3610,,,,,
(playbook:article-64),playbook,2974,,,,,
(playbook:article-65),playbook,3443,,,,,
(playbook:article-66),playbook,3226,,,,,
(playbook:article-67),playbook,3218,,,,,
(playbook:article-68),playbook,2961,,,,,
(playbook:article-69),playbook,3004,,,,,
(playbook:article-7),playbook,2805,,,,,
(playbook:article-70),playbook,3063,,,,,
(playbook:article-71),playbook,3458,,,,,
(playbook:article-72),playbook,3059,,,,,
(playbook:article-73),playbook,3256,,,,,
(playbook:article-74),playbook,3035,,,,,
(playbook:article-75),playbook,3124,,,,,
(playbook:article-76),playbook,2815,,,,,
(playbook:article-77),playbook,2732,,,,,
(playbook:article-78),playbook,2694,,,,,
(playbook:article-79),playbook,2567,,,,,
(playbook:article-8),playbook,2359,,,,,
(playbook:article-80),playbook,2977,,,,,
(playbook:article-81),playbook,3048,,,,,
(playbook:article-82),playbook,2982,,,,,
(playbook:article-83),playbook,3044,,,,,
(playbook:article-84),playbook,2897,,,,,
(playbook:article-85),playbook,3100,,,,,
(playbook:article-86),playbook,2721,,,,,
(playbook:article-87),playbook,3446,,,,,
(playbook:article-88),playbook,3287,,,,,
(playbook:article-89),playbook,3113,,,,,
(playbook:article-9),playbook,3565,,,,,
(playbook:article-90),playbook,2867,,,,,
(playbook:article-91),playbook,3487,,,,,
(playbook:article-92),playbook,3011,,,,,
(playbook:article-93),playbook,3241,,,,,
(playbook:article-94),playbook,3239,,,,,
(playbook:article-95),playbook,3540,,,,,
(playbook:article-96),playbook,3025,,,,,
(playbook:article-97),playbook,2937,,,,,
(playbook:article-98),playbook,3055,,,,,
(playbook:article-99),playbook,3195,,,,,
(contact),other,79,,,,,
(dubai-mena),other,3148,,,,,
(faq),other,837,,,,,
(homepage),other,3006,,,,,
(india),other,2669,,,,,
(japan),other,4060,,,,,
(korea),other,3621,,,,,
/pages/affordable-crypto-pr-agency,pages,1621,1445,212,0.8721,KEEP,true
/pages/ai-pr-agency,pages,1602,1358,268,0.8352,KEEP,true
/pages/ai-pr-agency-india,pages,1638,1273,390,0.7655,KEEP,true
/pages/ai-pr-consultant,pages,1620,1332,310,0.8112,KEEP,true
/pages/ai-publicist,pages,1697,1424,285,0.8332,KEEP,true
/pages/ai-search-visibility-agency,pages,1643,1431,230,0.8615,KEEP,true
/pages/ai-startup-pr-agency,pages,1581,1339,276,0.8291,KEEP,true
/pages/ai-thought-leadership-agency,pages,1668,1469,226,0.8667,KEEP,true
/pages/airdrop-marketing-agency,pages,1560,1262,323,0.7962,KEEP,true
/pages/apac-crypto-pr-agency,pages,1708,1511,223,0.8714,KEEP,true
/pages/apac-token-launch-pr,pages,1668,1492,211,0.8761,KEEP,true
/pages/b2b-saas-pr-agency,pages,1658,1451,239,0.8586,KEEP,true
/pages/b2b-tech-pr-agency,pages,1646,1436,231,0.8614,KEEP,true
/pages/best-crypto-pr-agency,pages,1651,1290,388,0.7688,KEEP,true
/pages/best-web3-marketing-agency,pages,1605,1241,389,0.7613,KEEP,true
/pages/binance-listing-pr-agency,pages,1664,1486,225,0.8685,KEEP,true
/pages/blockchain-gaming-pr-agency,pages,1721,1569,180,0.8971,KEEP,true
/pages/crypto-community-growth-agency,pages,1577,1391,215,0.8661,KEEP,true
/pages/crypto-content-marketing-agency,pages,1690,1509,208,0.8789,KEEP,true
/pages/crypto-content-writing-agency,pages,1662,1490,199,0.8822,KEEP,true
/pages/crypto-exchange-listing-pr,pages,1610,1397,242,0.8523,KEEP,true
/pages/crypto-exchange-pr-agency,pages,1585,1244,363,0.7741,KEEP,true
/pages/crypto-founder-personal-branding,pages,1615,1422,228,0.8618,KEEP,true
/pages/crypto-ghostwriting-agency,pages,1449,1179,299,0.7977,KEEP,true
/pages/crypto-influencer-marketing-agency,pages,1564,1420,180,0.8875,KEEP,true
/pages/crypto-kol-agency-japan,pages,1589,1427,176,0.8902,KEEP,true
/pages/crypto-kol-agency-korea,pages,1644,1487,180,0.8920,KEEP,true
/pages/crypto-kol-marketing-agency,pages,1599,1443,208,0.8740,KEEP,true
/pages/crypto-marketing-agency-india,pages,1512,1378,180,0.8845,KEEP,true
/pages/crypto-pr-agency-dubai,pages,1641,1458,208,0.8752,KEEP,true
/pages/crypto-pr-agency-for-startups,pages,1663,1499,213,0.8756,KEEP,true
/pages/crypto-pr-agency-japan,pages,1626,1462,193,0.8834,KEEP,true
/pages/crypto-pr-agency-korea,pages,1575,1413,187,0.8831,KEEP,true
/pages/crypto-pr-agency-singapore,pages,1631,1482,188,0.8874,KEEP,true
/pages/crypto-pr-agency-small-budget,pages,1724,1520,245,0.8612,KEEP,true
/pages/crypto-pr-agency-uk,pages,1639,1419,240,0.8553,KEEP,true
/pages/crypto-pr-agency-vietnam,pages,1615,1300,343,0.7912,KEEP,true
/pages/crypto-pr-consultant,pages,1587,1266,344,0.7863,KEEP,true
/pages/crypto-presale-marketing-agency,pages,1628,1328,331,0.8005,KEEP,true
/pages/crypto-press-release-distribution-service,pages,1658,1344,330,0.8029,KEEP,true
/pages/crypto-press-release-service,pages,1755,1545,216,0.8773,KEEP,true
/pages/crypto-publicist,pages,1629,1252,405,0.7556,KEEP,true
/pages/crypto-regulatory-pr,pages,1514,1164,380,0.7539,KEEP,true
/pages/crypto-token-launch-marketing-agency,pages,1644,1322,363,0.7846,KEEP,true
/pages/crypto-twitter-kol-marketing,pages,1600,1425,208,0.8726,KEEP,true
/pages/crypto-whitepaper-writing-service,pages,1587,1375,219,0.8626,KEEP,true
/pages/crypto-youtube-influencer-agency,pages,1603,1431,217,0.8683,KEEP,true
/pages/cybersecurity-analyst-relations-agency,pages,1638,1426,217,0.8679,KEEP,true
/pages/cybersecurity-marketing-agency,pages,1600,1399,226,0.8609,KEEP,true
/pages/cybersecurity-pr-agency,pages,1510,1342,196,0.8726,KEEP,true
/pages/cybersecurity-pr-agency-usa,pages,1670,1488,192,0.8857,KEEP,true
/pages/dao-pr-agency,pages,1612,1305,333,0.7967,KEEP,true
/pages/deeptech-pr-agency,pages,1671,1447,263,0.8462,KEEP,true
/pages/defi-pr-agency,pages,1641,1450,221,0.8677,KEEP,true
/pages/depin-marketing-agency,pages,1465,1114,384,0.7437,KEEP,true
/pages/depin-pr-agency,pages,1603,1402,227,0.8607,KEEP,true
/pages/enterprise-ai-pr-agency,pages,1586,1414,200,0.8761,KEEP,true
/pages/executive-visibility-agency,pages,1579,1358,249,0.8451,KEEP,true
/pages/fintech-ai-pr-agency,pages,1736,1490,266,0.8485,KEEP,true
/pages/founder-essay-ghostwriting,pages,1706,1533,180,0.8949,KEEP,true
/pages/founder-media-training,pages,1490,1154,359,0.7627,KEEP,true
/pages/founder-personal-branding-agency,pages,1549,1407,180,0.8866,KEEP,true
/pages/founder-pr-agency,pages,1628,1410,249,0.8499,KEEP,true
/pages/founder-thought-leadership-agency,pages,1637,1446,221,0.8674,KEEP,true
/pages/fractional-cmo-web3,pages,1745,1452,330,0.8148,KEEP,true
/pages/fractional-head-of-pr,pages,1658,1443,254,0.8503,KEEP,true
/pages/fractional-pr-consultant,pages,1527,1163,392,0.7479,KEEP,true
/pages/fractional-pr-consultant-web3,pages,1518,1144,400,0.7409,KEEP,true
/pages/generative-ai-pr-agency,pages,1683,1350,364,0.7876,KEEP,true
/pages/geo-aeo-agency-crypto,pages,1805,1582,234,0.8711,KEEP,true
/pages/healthcare-ai-pr-agency,pages,1743,1572,202,0.8861,KEEP,true
/pages/ico-ido-marketing-agency,pages,1618,1302,343,0.7915,KEEP,true
/pages/india-crypto-pr-agency,pages,1566,1412,192,0.8803,KEEP,true
/pages/infosec-pr-agency,pages,1634,1457,200,0.8793,KEEP,true
/pages/japan-crypto-pr-agency,pages,1638,1493,176,0.8945,KEEP,true
/pages/korea-crypto-pr-agency,pages,1589,1446,180,0.8893,KEEP,true
/pages/korea-japan-crypto-pr,pages,1693,1556,180,0.8963,KEEP,true
/pages/korea-kol-marketing-agency,pages,1634,1479,180,0.8915,KEEP,true
/pages/layer2-pr-agency,pages,1618,1286,348,0.7870,KEEP,true
/pages/linkedin-ghostwriting-for-founders,pages,1616,1423,203,0.8752,KEEP,true
/pages/memecoin-marketing-agency,pages,1576,1405,208,0.8710,KEEP,true
/pages/mena-crypto-pr-agency,pages,1782,1585,220,0.8781,KEEP,true
/pages/metaverse-pr-agency,pages,1654,1415,268,0.8408,KEEP,true
/pages/nft-pr-agency,pages,1634,1417,250,0.8500,KEEP,true
/pages/op-ed-ghostwriting-service,pages,1657,1508,187,0.8897,KEEP,true
/pages/podcast-booking-agency-founders,pages,1749,1585,180,0.8980,KEEP,true
/pages/pr-agency-for-tech-startups,pages,1620,1360,294,0.8222,KEEP,true
/pages/rwa-tokenization-pr-agency,pages,1528,1286,259,0.8324,KEEP,true
/pages/stablecoin-pr-agency,pages,1562,1254,338,0.7877,KEEP,true
/pages/telegram-marketing-agency-crypto,pages,1572,1392,208,0.8700,KEEP,true
/pages/tge-pr-agency,pages,1617,1321,334,0.7982,KEEP,true
/pages/thought-leadership-ghostwriting,pages,1640,1475,190,0.8859,KEEP,true
/pages/threat-intelligence-pr-agency,pages,1563,1416,171,0.8922,KEEP,true
/pages/token-launch-marketing-agency,pages,1621,1281,389,0.7671,KEEP,true
/pages/token-launch-pr-agency,pages,1564,1369,233,0.8546,KEEP,true
/pages/token-launch-pr-agency-india,pages,1774,1644,189,0.8969,KEEP,true
/pages/top-crypto-marketing-agency,pages,1696,1355,388,0.7774,KEEP,true
/pages/web3-infrastructure-pr-agency,pages,1688,1483,228,0.8667,KEEP,true
/pages/web3-investor-relations-agency,pages,1504,1242,289,0.8112,KEEP,true
/pages/web3-kol-agency,pages,1555,1382,188,0.8803,KEEP,true
/pages/web3-marketing-agency,pages,1688,1322,409,0.7637,KEEP,true
/pages/web3-partnership-announcement-pr,pages,1562,1180,397,0.7483,KEEP,true
/pages/web3-pr-agency,pages,1402,983,437,0.6923,KEEP,true
/pages/web3-pr-agency-india,pages,1723,1585,180,0.8980,KEEP,true
/pages/web3-pr-agency-uae,pages,1635,1440,229,0.8628,KEEP,true
/pages/web3-pr-agency-usa,pages,1596,1379,248,0.8476,KEEP,true
(press),other,79,,,,,
(services),other,536,,,,,
/services/ai-startup-pr,services,2271,,,,,true
/services/apac-pr,services,4561,,,,,true
/services/content-writing,services,1427,,,,,true
/services/cybersecurity-pr,services,2831,,,,,true
/services/founder-profiling,services,3486,,,,,true
/services/kol-marketing,services,3974,,,,,true
/services/token-launch-pr,services,3415,,,,,true
/services/web3-pr-campaigns,services,2937,,,,,true
(singapore),other,2905,,,,,
(speaker),other,1361,,,,,
(testimonials),other,146,,,,,
(work),other,311,,,,,
/work/bullieverse,other,2894,,,,,true
/work/fluence,other,3351,,,,,true
/work/gaia-ai,other,2349,,,,,true
/work/mantra-chain,other,3133,,,,,true
/work/rari-chain,other,2965,,,,,true
/work/web3auth,other,2925,,,,,true