prompt_id,bucket,engine,run_date_iso,shilika_surfaced,shilika_urls,top_competitor_domains,notes
A1,fractional_pr_positioning,google_serp,2026-08-31,true,/playbook/fractional-cmo-web3-2026,cycle.agency;cmo-fractional.com;silviamogas.com;ethercto.com;mime45.com;gtm8020.com,"fractional-cmo-web3 playbook surfaced ~6. Head still owned by fractional-CMO vendor pages (Cycle, MIME45, GTM8020). Same surface as 08-14."
A2,fractional_pr_positioning,google_serp,2026-08-31,false,,marketerhire.com;istanbulblockchainweek.com;obapr.com;badenbower.com;9figuremedia.com;gtm8020.com,"'Best fractional/crypto PR' listicles own the SERP. No Shilika surface (consistent with 08-14)."
A3,fractional_pr_positioning,google_serp,2026-08-31,true,/playbook/fractional-cmo-web3-2026;/playbook/crypto-pr-cost-2026;/services/ai-startup-pr,marketerhire.com;gtm8020.com;growthexpertz.com;eakwire.com;everything-pr.com,"3 Shilika pricing/fractional URLs in top results (2 on 08-14). Pricing-vs-agency intent remains the strongest stronghold and deepened this run."
A4,fractional_pr_positioning,google_serp,2026-08-31,true,/services/ai-startup-pr,e2msolutions.com;aikenhouse.com;verifiedcomms.com;mitchell-communications.com;cracklepr.com;growthexpertz.com,"ai-startup-pr service page ranks ~7 for fractional-vs-agency AI intent. Same as 08-14."
A5,fractional_pr_positioning,google_serp,2026-08-31,false,,crypto.news;mediagraphicspr.com;the-square.co;cryptodaily.co.uk;openpr.com;luvkaizen.com,"Lost to agency guides + crypto-news op-eds. Consistent with 08-14."
B1,web3_pr,google_serp,2026-08-31,false,,icoda.io;lunarstrategy.com;eakdigital.com;istanbulblockchainweek.com;highvibepr.com;luvkaizen.com,"Head 'best Web3 PR agencies 2026' still lost to listicle farms. Shilika's own best-web3-pr-agencies-2026 did NOT surface (tree not yet pushed)."
B2,web3_pr,google_serp,2026-08-31,false,,coinledger.io;ninjapromo.io;cointracking.info;koinly.io;hexxen.com;9figuremedia.com,"CoinDesk/Cointelegraph/Decrypt query pulls 'best crypto news sites' listicles. get-featured-coindesk-2026 did NOT surface."
B3,web3_pr,google_serp,2026-08-31,false,,lunarstrategy.com;eakwire.com;cryptodaily.co.uk;blockchainappfactory.com;crypticweb3.com;luvkaizen.com,"Token launch TGE lost to agency guides. Consistent with 08-14."
B4,web3_pr,google_serp,2026-08-31,false,,coinbound.io;eakdigital.com;cryptodaily.co.uk;luvkaizen.com;worldbusinessoutlook.com;badenbower.com,"Pre-TGE query. Coinbound/Luna PR/FINPR named in body; Shilika token-launch-pr did NOT surface."
B5,web3_pr,google_serp,2026-08-31,true,/services/kol-marketing,track360.io;lever.io;disence.com;blockchainappfactory.com;luvkaizen.com,"kol-marketing service page surfaced ~4 for KOL campaign intent. Only Web3-bucket surface. Same as 08-14."
C1,ai_startup_pr,google_serp,2026-08-31,false,,beantownmv.com;shadow.inc;boltpr.com;businessplusai.com;aikenhouse.com;highvibepr.com,"Head 'best PR firms AI startups' lost to Beantown/Bolt/High Vibe/Level Up listicles."
C2,ai_startup_pr,google_serp,2026-08-31,false,,icoda.io;reblonde.com;eakwire.com;thekollab.io;obapr.com;cbinsights.com,"AI-vs-crypto-PR query returns agency 'what is crypto PR' guides. Neither /playbook/crypto-pr-vs-ai-pr nor the AI-vs-crypto blog surfaced today (blog surfaced ~9 on 08-14). Borderline page, normal SERP variance, tree not pushed."
C3,ai_startup_pr,google_serp,2026-08-31,false,,pitchbook.com;techbullion.com;startupcookie.com;exeedin.com;writesy.ai;inkfluenceai.com,"Op-ed ghostwriting buyer query pulls ghostwriting-service/LinkedIn listicles, not founder-PR. founder-profiling/content-writing did NOT surface. Buyer-intent rephrase still returns writing-service SERP."
C4,ai_startup_pr,google_serp,2026-08-31,false,,gartsolutions.com;obapr.com;vcbacked.co;commssearch.com;forbes.com,"Series A AI infra. enterprise-ai-pr-2026 did NOT surface (query skews to infra-company directories + comms recruiting). Consistent with 08-14."
C5,ai_startup_pr,google_serp,2026-08-31,false,,wellows.com;tgvp.vc;presenc.ai;newmarketpitch.com;aifundingtracker.com,"Query pulls AI-startup landscape/funding research, not PR firms. No PR buyer surface. Same as 08-14."
D1,cybersecurity_pr,google_serp,2026-08-31,false,,everything-pr.com;beantownmv.com;analyticsinsight.net;corporateink.com;securitysenses.com;otrenix.com,"Head 'best cyber PR firms' lost to Everything-PR/Analytics Insight/Corporate Ink/OTReniX listicles."
D2,cybersecurity_pr,google_serp,2026-08-31,false,,opencart.com;analyticsinsight.net;securitysenses.com;otrenix.com;cybersecuritymarketingagencies.com;cracklepr.com,"Analyst-relations query lost to agency guides. Consistent with 08-14."
D3,cybersecurity_pr,google_serp,2026-08-31,false,,gracker.ai;5wpr.com;everything-pr.com;guptadeepak.com;aicited.org;authoritytech.io,"'Cited by AI engines' owned by AI-visibility benchmark reports (GrackerAI/5W/Everything-PR). Consistent with 08-14."
D4,cybersecurity_pr,google_serp,2026-08-31,true,/playbook/cybersecurity-pr-agency-pricing-2026,f4.fund;topstartups.io;otrenix.com;analyticsinsight.net;pinpointsearchgroup.com;growthlist.co,"cybersecurity pricing playbook surfaced ~6 for Series B cost intent. Only cyber surface. Same as 08-14."
D5,cybersecurity_pr,google_serp,2026-08-31,false,,everything-pr.com;beantownmv.com;analyticsinsight.net;corporateink.com;therubiconagency.com;otrenix.com,"US-market cyber PR lost to Corporate Ink/PRLab/Mission North/Rubicon. Consistent with 08-14."
E1,regional_pr,google_serp,2026-08-31,false,,seedtable.com;icoda.io;istanbulblockchainweek.com;eakdigital.com;highvibepr.com;eakwire.com,"Korea. Paradigm PR (KR specialist) named. Shilika /korea did NOT surface (consistent with 08-14)."
E2,regional_pr,google_serp,2026-08-31,true,/playbook/crypto-pr-cost-2026,mexc.com;financefeeds.com;salientpr.com;obapr.com;newscoverage.agency;crypticweb3.com,"IMPROVED vs 08-14 (was false). Buyer-intent 'who + cost' rephrase (Run 55) now surfaces crypto-pr-cost pricing playbook ~5. /japan itself did not surface, but the pricing stronghold answers the cost half of the query."
E3,regional_pr,google_serp,2026-08-31,true,/singapore,coingape.com;webx-asia.com;eakdigital.com;blockchainreporter.net,"/singapore desk surfaced ~4 for APAC crypto PR intent; Shilika Jain also named as individual APAC specialist in AI-summary body. Same surface as 08-14."
E4,regional_pr,google_serp,2026-08-31,false,,clutch.co;bitget.com;cryptodaily.co.uk;bitcoinethereumnews.com;blockchair.com,"Dubai/MENA. crypto-pr-dubai-mena-2026 did NOT surface; SERP skewed to 2025 MENA rankings. Consistent with 08-14."
E5,regional_pr,google_serp,2026-08-31,false,,wellfound.com;raisesummit.com;forbesindia.com;istanbulblockchainweek.com;adventpr.com;madchatter.in,"India. Advent PR/Madchatter (IN specialists) win. Shilika /india did NOT surface (consistent with 08-14)."
